{"count":1,"self":4517.8601472,"total":7451.0500243999995,"children":{"InitializeActuators":{"count":1,"self":0.005,"total":0.005,"children":null},"InitializeSensors":{"count":1,"self":0.0059996999999999993,"total":0.0059996999999999993,"children":null},"AgentSendState":{"count":680629,"self":5.1045168,"total":24.1081489,"children":{"CollectObservations":{"count":170449,"self":1.7453056,"total":1.7453056,"children":null},"WriteActionMask":{"count":170449,"self":0.3112927,"total":0.3112927,"children":null},"RequestDecision":{"count":170449,"self":0.8136631,"total":16.947034,"children":{"AgentInfo.ToProto":{"count":170449,"self":2.124862,"total":16.1333709,"children":{"GenerateSensorData":{"count":170449,"self":14.0085088,"total":14.0085088,"children":null}}}}}}},"DecideAction":{"count":680629,"self":2770.5792512,"total":2770.5792776,"children":null},"AgentAct":{"count":680629,"self":138.4676352,"total":138.4866271,"children":{"AgentInfo.ToProto":{"count":438,"self":0.0059943999999999996,"total":0.018996799999999998,"children":{"GenerateSensorData":{"count":438,"self":0.013002399999999999,"total":0.013002399999999999,"children":null}}}}}},"gauges":{"3DPos.CumulativeReward":{"count":438,"max":105.781609,"min":-364.9473,"runningAverage":14.3579521,"value":47.9933319,"weightedAverage":44.47548}},"metadata":{"timer_format_version":"0.1.0","start_time_seconds":"1725146517","unity_version":"2020.3.35f1","command_line_arguments":"C:\\methods_compare\\continuous_build\\3DPos.exe -nographics -batchmode --mlagents-port 23","communication_protocol_version":"1.5.0","com.unity.ml-agents_version":"2.0.1","scene_name":"Continuous","end_time_seconds":"1725153968"}}