{"count":1,"self":4951.3218048,"total":7441.0204643,"children":{"InitializeActuators":{"count":1,"self":0.0119974,"total":0.0119974,"children":null},"InitializeSensors":{"count":1,"self":0.0070019999999999995,"total":0.0070019999999999995,"children":null},"AgentSendState":{"count":585845,"self":4.3594544,"total":36.087301599999996,"children":{"CollectObservations":{"count":146742,"self":11.659896,"total":11.6598964,"children":null},"WriteActionMask":{"count":146742,"self":0.32144419999999996,"total":0.32144419999999996,"children":null},"RequestDecision":{"count":146742,"self":0.6982885,"total":19.746506699999998,"children":{"AgentInfo.ToProto":{"count":146742,"self":6.7122416,"total":19.0482182,"children":{"GenerateSensorData":{"count":146742,"self":12.3359768,"total":12.335976599999999,"children":null}}}}}}},"DecideAction":{"count":585845,"self":2442.4235008,"total":2442.4234231,"children":null},"AgentAct":{"count":585845,"self":11.146208,"total":11.164754199999999,"children":{"AgentInfo.ToProto":{"count":461,"self":0.0090364,"total":0.0185462,"children":{"GenerateSensorData":{"count":461,"self":0.0095097999999999988,"total":0.0095097999999999988,"children":null}}}}}},"gauges":{"3DPos.CumulativeReward":{"count":461,"max":169.171585,"min":-283.221344,"runningAverage":73.80984,"value":36.5326538,"weightedAverage":54.1772537}},"metadata":{"timer_format_version":"0.1.0","start_time_seconds":"1725146526","unity_version":"2020.3.35f1","command_line_arguments":"C:\\methods_compare\\builds\\discrete_path\\3DPos.exe -nographics -batchmode --mlagents-port 41","communication_protocol_version":"1.5.0","com.unity.ml-agents_version":"2.0.1","scene_name":"DiscretePath","end_time_seconds":"1725153967"}}