{"count":1,"self":277.85789439999996,"total":404.9204966,"children":{"InitializeActuators":{"count":1,"self":0.0089972,"total":0.0089972,"children":null},"InitializeSensors":{"count":1,"self":0.0060003,"total":0.0060003,"children":null},"AgentSendState":{"count":11205,"self":0.1724537,"total":1.1401607,"children":{"CollectObservations":{"count":2807,"self":0.297896,"total":0.297896,"children":null},"WriteActionMask":{"count":2807,"self":0.0059673,"total":0.0059673,"children":null},"RequestDecision":{"count":2807,"self":0.028989499999999998,"total":0.66384369999999993,"children":{"AgentInfo.ToProto":{"count":2807,"self":0.1159205,"total":0.63485419999999992,"children":{"GenerateSensorData":{"count":2807,"self":0.51893369999999994,"total":0.51893369999999994,"children":null}}}}}}},"DecideAction":{"count":11205,"self":115.9401728,"total":115.94017579999999,"children":null},"AgentAct":{"count":11205,"self":9.9592672,"total":9.9602681,"children":{"AgentInfo.ToProto":{"count":5,"self":0,"total":0.0010012999999999999,"children":{"GenerateSensorData":{"count":5,"self":0.0010012999999999999,"total":0.0010012999999999999,"children":null}}}}}},"gauges":{"3DPos.CumulativeReward":{"count":5,"max":57.72555,"min":6.782137,"runningAverage":33.95414,"value":36.6186523,"weightedAverage":33.3514748}},"metadata":{"timer_format_version":"0.1.0","start_time_seconds":"1725155689","unity_version":"2020.3.35f1","command_line_arguments":"C:\\methods_compare\\continuous_path_build\\3DPos.exe -nographics -batchmode --mlagents-port 4501","communication_protocol_version":"1.5.0","com.unity.ml-agents_version":"2.0.1","scene_name":"ContinuousPath","end_time_seconds":"1725156094"}}